{
    "F2@0.01&topn@5": 0.5449696675165634,
    "F2@0.02&topn@5": 0.5760820690439941,
    "F2@0.03&topn@5": 0.5903333476976141,
    "F2@0.04&topn@5": 0.598006691719239,
    "F2@0.05&topn@5": 0.6025344078973929,
    "F2@0.060000000000000005&topn@5": 0.6033988827455059,
    "F2@0.06999999999999999&topn@5": 0.6033779079774634,
    "F2@0.08&topn@5": 0.6020796779299307,
    "F2@0.09&topn@5": 0.6001893289713607,
    "F2@0.09999999999999999&topn@5": 0.5995588149308033,
    "F2@0.11&topn@5": 0.5990800805463502,
    "F2@0.12&topn@5": 0.5996290394996231,
    "F2@0.13&topn@5": 0.5974229761698152,
    "F2@0.14&topn@5": 0.5962631075054871,
    "F2@0.15000000000000002&topn@5": 0.5946446895466442,
    "F2@0.16&topn@5": 0.5912978460817824,
    "F2@0.17&topn@5": 0.5900882215218357,
    "F2@0.18000000000000002&topn@5": 0.5884587581029819,
    "F2@0.19&topn@5": 0.5873862809691964,
    "F2@0.2&topn@5": 0.585182385862188,
    "F2@0.21000000000000002&topn@5": 0.583930335086514,
    "F2@0.22&topn@5": 0.5816635614644232,
    "F2@0.23&topn@5": 0.580230901901315,
    "F2@0.24000000000000002&topn@5": 0.5790163392248979,
    "F2@0.25&topn@5": 0.577542447008541,
    "F2@0.26&topn@5": 0.5758333976898381,
    "F2@0.27&topn@5": 0.5752528790930169,
    "F2@0.28&topn@5": 0.5732995656333099,
    "F2@0.29000000000000004&topn@5": 0.5713567702106928,
    "F2@0.01&topn@6": 0.5450150585146208,
    "F2@0.02&topn@6": 0.5761274600420515,
    "F2@0.03&topn@6": 0.5903787386956716,
    "F2@0.04&topn@6": 0.598007700408085,
    "F2@0.05&topn@6": 0.6025576077408443,
    "F2@0.060000000000000005&topn@6": 0.6033555091251401,
    "F2@0.06999999999999999&topn@6": 0.6034454901301262,
    "F2@0.08&topn@6": 0.6020552320590818,
    "F2@0.09&topn@6": 0.6001949064273313,
    "F2@0.09999999999999999&topn@6": 0.5994658375530832,
    "F2@0.11&topn@6": 0.598982303452838,
    "F2@0.12&topn@6": 0.5995001409725392,
    "F2@0.13&topn@6": 0.597142854845629,
    "F2@0.14&topn@6": 0.5958013974119706,
    "F2@0.15000000000000002&topn@6": 0.5940998235880665,
    "F2@0.16&topn@6": 0.5907087197434141,
    "F2@0.17&topn@6": 0.5895562800818744,
    "F2@0.18000000000000002&topn@6": 0.5878522512798872,
    "F2@0.19&topn@6": 0.5867378415098013,
    "F2@0.2&topn@6": 0.584518503410965,
    "F2@0.21000000000000002&topn@6": 0.5832192643980193,
    "F2@0.22&topn@6": 0.580891601724765,
    "F2@0.23&topn@6": 0.5794145451742115,
    "F2@0.24000000000000002&topn@6": 0.5781484552549235,
    "F2@0.25&topn@6": 0.5766154368916089,
    "F2@0.26&topn@6": 0.5748565184397537,
    "F2@0.27&topn@6": 0.5742942236953367,
    "F2@0.28&topn@6": 0.5723185321814601,
    "F2@0.29000000000000004&topn@6": 0.5704323349885464
}