{
    "F2@0.01&topn@1": 0.40282670903530154,
    "F2@0.02&topn@1": 0.4222962271803345,
    "F2@0.03&topn@1": 0.429878386934588,
    "F2@0.04&topn@1": 0.4326159265569889,
    "F2@0.05&topn@1": 0.4347596006987697,
    "F2@0.060000000000000005&topn@1": 0.4358485165169696,
    "F2@0.06999999999999999&topn@1": 0.43642645963364207,
    "F2@0.08&topn@1": 0.43505223026877843,
    "F2@0.09&topn@1": 0.43407127087728964,
    "F2@0.09999999999999999&topn@1": 0.43450236211277027,
    "F2@0.11&topn@1": 0.43456937164657955,
    "F2@0.12&topn@1": 0.4332594568050116,
    "F2@0.13&topn@1": 0.43184774752188343,
    "F2@0.14&topn@1": 0.4311942348984974,
    "F2@0.15000000000000002&topn@1": 0.42976380807049464,
    "F2@0.16&topn@1": 0.4288404210658161,
    "F2@0.17&topn@1": 0.4276783430488356,
    "F2@0.18000000000000002&topn@1": 0.4257265329143667,
    "F2@0.19&topn@1": 0.4244508921963255,
    "F2@0.2&topn@1": 0.42332203272014296,
    "F2@0.21000000000000002&topn@1": 0.4223905591762308,
    "F2@0.22&topn@1": 0.4203856691339406,
    "F2@0.23&topn@1": 0.41892022829479586,
    "F2@0.24000000000000002&topn@1": 0.41857798124972034,
    "F2@0.25&topn@1": 0.4177710744226258,
    "F2@0.26&topn@1": 0.41679554451860595,
    "F2@0.27&topn@1": 0.4160556465303422,
    "F2@0.28&topn@1": 0.4150382120941985,
    "F2@0.29000000000000004&topn@1": 0.41370565019478317,
    "F2@0.01&topn@2": 0.4030172824304307,
    "F2@0.02&topn@2": 0.42744117779355423,
    "F2@0.03&topn@2": 0.43700107007486855,
    "F2@0.04&topn@2": 0.44050547922736993,
    "F2@0.05&topn@2": 0.44335503663645226,
    "F2@0.060000000000000005&topn@2": 0.44535699723130356,
    "F2@0.06999999999999999&topn@2": 0.4463255499498501,
    "F2@0.08&topn@2": 0.4454616897557019,
    "F2@0.09&topn@2": 0.4451712118803528,
    "F2@0.09999999999999999&topn@2": 0.4461244008324043,
    "F2@0.11&topn@2": 0.4468932353276805,
    "F2@0.12&topn@2": 0.44641503240062375,
    "F2@0.13&topn@2": 0.44603234979903345,
    "F2@0.14&topn@2": 0.4458996042821131,
    "F2@0.15000000000000002&topn@2": 0.444732894374901,
    "F2@0.16&topn@2": 0.4441493713262206,
    "F2@0.17&topn@2": 0.44365400128357535,
    "F2@0.18000000000000002&topn@2": 0.4420724074739107,
    "F2@0.19&topn@2": 0.44127052216212537,
    "F2@0.2&topn@2": 0.44076042176751945,
    "F2@0.21000000000000002&topn@2": 0.44023107430869557,
    "F2@0.22&topn@2": 0.4386800563049526,
    "F2@0.23&topn@2": 0.43802759060238317,
    "F2@0.24000000000000002&topn@2": 0.43808975662292965,
    "F2@0.25&topn@2": 0.4379442347847328,
    "F2@0.26&topn@2": 0.43733854423856194,
    "F2@0.27&topn@2": 0.4373616513771947,
    "F2@0.28&topn@2": 0.43671079235118193,
    "F2@0.29000000000000004&topn@2": 0.4361390177695304,
    "F2@0.01&topn@3": 0.40312985279396485,
    "F2@0.02&topn@3": 0.43004514405023947,
    "F2@0.03&topn@3": 0.44053718735995645,
    "F2@0.04&topn@3": 0.4446858585737046,
    "F2@0.05&topn@3": 0.44772867715469766,
    "F2@0.060000000000000005&topn@3": 0.45021872330303664,
    "F2@0.06999999999999999&topn@3": 0.45151180390930973,
    "F2@0.08&topn@3": 0.451148554668972,
    "F2@0.09&topn@3": 0.4515155911765794,
    "F2@0.09999999999999999&topn@3": 0.4525898941342702,
    "F2@0.11&topn@3": 0.4536086803277408,
    "F2@0.12&topn@3": 0.45374208754877055,
    "F2@0.13&topn@3": 0.4535680971015983,
    "F2@0.14&topn@3": 0.45356592933911866,
    "F2@0.15000000000000002&topn@3": 0.4525036466499563,
    "F2@0.16&topn@3": 0.45192648106355754,
    "F2@0.17&topn@3": 0.45181421318355913,
    "F2@0.18000000000000002&topn@3": 0.4505545627127944,
    "F2@0.19&topn@3": 0.4497776015853092,
    "F2@0.2&topn@3": 0.4496657410695983,
    "F2@0.21000000000000002&topn@3": 0.44904641875810675,
    "F2@0.22&topn@3": 0.4479079162815203,
    "F2@0.23&topn@3": 0.44771749968409025,
    "F2@0.24000000000000002&topn@3": 0.4481112704469173,
    "F2@0.25&topn@3": 0.4484495159789919,
    "F2@0.26&topn@3": 0.4481198064363241,
    "F2@0.27&topn@3": 0.4483434425898314,
    "F2@0.28&topn@3": 0.4479677798425194,
    "F2@0.29000000000000004&topn@3": 0.44773940849903815,
    "F2@0.01&topn@4": 0.40321126422258896,
    "F2@0.02&topn@4": 0.4314152874626704,
    "F2@0.03&topn@4": 0.44250042619641516,
    "F2@0.04&topn@4": 0.44676671033697357,
    "F2@0.05&topn@4": 0.4500007483954772,
    "F2@0.060000000000000005&topn@4": 0.4526779330368546,
    "F2@0.06999999999999999&topn@4": 0.4541332082264698,
    "F2@0.08&topn@4": 0.4537034599302115,
    "F2@0.09&topn@4": 0.4540649676210861,
    "F2@0.09999999999999999&topn@4": 0.4554717033020498,
    "F2@0.11&topn@4": 0.45664901691020593,
    "F2@0.12&topn@4": 0.45677976030844164,
    "F2@0.13&topn@4": 0.45671469758541444,
    "F2@0.14&topn@4": 0.456834479747348,
    "F2@0.15000000000000002&topn@4": 0.45614340942117393,
    "F2@0.16&topn@4": 0.455523078616091,
    "F2@0.17&topn@4": 0.4554773328161556,
    "F2@0.18000000000000002&topn@4": 0.45446427626891883,
    "F2@0.19&topn@4": 0.45390917369855555,
    "F2@0.2&topn@4": 0.45393870445834217,
    "F2@0.21000000000000002&topn@4": 0.4534438168545441,
    "F2@0.22&topn@4": 0.4524758631298376,
    "F2@0.23&topn@4": 0.45232253387406834,
    "F2@0.24000000000000002&topn@4": 0.45288791702626136,
    "F2@0.25&topn@4": 0.45329321163413305,
    "F2@0.26&topn@4": 0.4530672227389266,
    "F2@0.27&topn@4": 0.4533802004112867,
    "F2@0.28&topn@4": 0.45325597833807235,
    "F2@0.29000000000000004&topn@4": 0.45316926953949815,
    "F2@0.01&topn@5": 0.40319364927346435,
    "F2@0.02&topn@5": 0.4313194018762877,
    "F2@0.03&topn@5": 0.442540655546668,
    "F2@0.04&topn@5": 0.4469602612347924,
    "F2@0.05&topn@5": 0.4502378378776071,
    "F2@0.060000000000000005&topn@5": 0.4530367067693349,
    "F2@0.06999999999999999&topn@5": 0.4546135801319756,
    "F2@0.08&topn@5": 0.45435303558008866,
    "F2@0.09&topn@5": 0.45473105981313733,
    "F2@0.09999999999999999&topn@5": 0.45606716011270937,
    "F2@0.11&topn@5": 0.45716619815997994,
    "F2@0.12&topn@5": 0.4576081772845674,
    "F2@0.13&topn@5": 0.4575666353696931,
    "F2@0.14&topn@5": 0.45763002502126987,
    "F2@0.15000000000000002&topn@5": 0.45711491348814376,
    "F2@0.16&topn@5": 0.45643771203156225,
    "F2@0.17&topn@5": 0.45636747485420104,
    "F2@0.18000000000000002&topn@5": 0.45544589290087906,
    "F2@0.19&topn@5": 0.4549591768690361,
    "F2@0.2&topn@5": 0.45498765914909217,
    "F2@0.21000000000000002&topn@5": 0.45441844868633,
    "F2@0.22&topn@5": 0.4539700342121413,
    "F2@0.23&topn@5": 0.4539544097626557,
    "F2@0.24000000000000002&topn@5": 0.454585746755036,
    "F2@0.25&topn@5": 0.45498025417989174,
    "F2@0.26&topn@5": 0.4547924865842935,
    "F2@0.27&topn@5": 0.4553221277964579,
    "F2@0.28&topn@5": 0.4552596931227131,
    "F2@0.29000000000000004&topn@5": 0.45516823116694366,
    "F2@0.01&topn@6": 0.4032814308615725,
    "F2@0.02&topn@6": 0.43091028577120705,
    "F2@0.03&topn@6": 0.4419610295617302,
    "F2@0.04&topn@6": 0.4464710148577382,
    "F2@0.05&topn@6": 0.44970227520968364,
    "F2@0.060000000000000005&topn@6": 0.4524696442685837,
    "F2@0.06999999999999999&topn@6": 0.4540903919462414,
    "F2@0.08&topn@6": 0.45405753237894414,
    "F2@0.09&topn@6": 0.45446849887867957,
    "F2@0.09999999999999999&topn@6": 0.4557316621915905,
    "F2@0.11&topn@6": 0.4568098797690209,
    "F2@0.12&topn@6": 0.4571392033775647,
    "F2@0.13&topn@6": 0.45713972216957843,
    "F2@0.14&topn@6": 0.4570833865079394,
    "F2@0.15000000000000002&topn@6": 0.45663730503823957,
    "F2@0.16&topn@6": 0.45605399098332833,
    "F2@0.17&topn@6": 0.4561066050283576,
    "F2@0.18000000000000002&topn@6": 0.4552120283274745,
    "F2@0.19&topn@6": 0.45482813812331213,
    "F2@0.2&topn@6": 0.4547882873281176,
    "F2@0.21000000000000002&topn@6": 0.4541029987234135,
    "F2@0.22&topn@6": 0.45369746343141104,
    "F2@0.23&topn@6": 0.4538386094358826,
    "F2@0.24000000000000002&topn@6": 0.45439785439552116,
    "F2@0.25&topn@6": 0.4549729031396209,
    "F2@0.26&topn@6": 0.4550522887415274,